{
	"ret_code": "",
	"ret_msg": "",
	"ret_err": "",
	"residualSumOfSquares": 14.128464933505338, //anova中的残差平方和
	"adjustedRSquared": 0.8473111157800484, //模型汇总的调整r方
	"totalSumOfSquares": 111.03727692307693, //anova的总计
	"errorVariance": 1.4128464933505338, //anova残差的均方
	"regressandVariance": 9.253106410256413,
	"regressionStandardError": 1.1886321943101381,//模型汇总中的标准估计的误差
	"regressionParameters": [7.105975162244298,//系数表中的B系数
	-1.393114549718932,
	1.4806742989840604],
	"regressionParametersStandardErrors": [1.6185548710929334, //系数表中的标准误差
	0.31004978446545206,
	0.18018535881200062],
	"ttests": [4.3903208282620465,//系数中的t
	-4.493196317232604,
	8.217506176675245],
	"residuals": [-1.4373370177653406, //残差
	-0.27238862700139155,
	-0.9055656134555194,
	0.8567665428733013,
	1.5376541111307471,
	-0.14648710101242912,
	-0.2481828157947552,
	0.4695462907744794,
	-0.010476146781901896,
	0.46543414734445854,
	1.4235884079296746,
	-2.284393756398112,
	0.551841578156858],
	"f": 34.29559136313334,//anova中的f值
	"rsquared": 0.8727592631500403 //模型汇总中的r方
}