{
	"ret_code": "",
	"ret_msg": "",
	"ret_err": "",
	"n": 10,
	"slope": 0.5111229160623828, //斜率 a
	"slopeStdErr": 0.027508114139822928, //斜率的标准误差
	"regressionSumSquares": 1846745.5681949866, //回归平方和
	"sumSquaredErrors": 42792.531805014005, //平方和误差
	"r": 0.9886116092906885,//“模型汇总”表的R值
	"meanSquareError": 5349.066475626751, //平方均值误差
	"intercept": 178.0320544979826,//截距b
	"significance": 7.259053047548036E-8,
	"slopeConfidenceInterval": 0.06343382495810089,
	"regressionParameters": [178.0320544979826,
	0.5111229160623828], //回归系数x0,x1,x2对应的系数
	"regressionParametersStandardErrors": [41.16160920729023,
	0.027508114139822928], //回归系数x0,x1,x2对应的系数的标准误差
	"adjustedRSquared": 0.9745220282773653, //“模型汇总”表的调整R方
	"predict": [178.0320544979826,
	178.543177414045],
	"ttests": [4.325196655976485,
	18.580805411245578],//18.581是“系数a”(a表示因变量)表中的t值
	"f": 345.2463297305728, //“Anova”（单因素方差）表中的F值
	"rsquare": 0.9773529140243248,//“汇总模型”表中的R方
	"xsumSquares": 7068973.6 //"Anova"表中的总计
}