{
	"ret_code": "",
	"ret_msg": "",
	"ret_err": "",
	"n": 10,
	"slope": 0.5111229160623828,
	"slopeStdErr": 0.027508114139822928,
	"regressionSumSquares": 1846745.5681949866,
	"sumSquaredErrors": 42792.531805014005,
	"r": 0.9886116092906885,
	"meanSquareError": 5349.066475626751,
	"intercept": 178.0320544979826,
	"significance": 7.259053047548036E-8,
	"slopeConfidenceInterval": 0.06343382495810089,
	"regressionParameters": [178.0320544979826,
	0.5111229160623828],
	"regressionParametersStandardErrors": [41.16160920729023,
	0.027508114139822928],
	"adjustedRSquared": 0.9745220282773653,
	"predict": [178.0320544979826,
	178.543177414045],
	"ttests": [4.325196655976485,
	18.580805411245578],
	"f": 345.2463297305728,
	"rsquare": 0.9773529140243248,
	"xsumSquares": 7068973.6
}