{
	"ret_code": "",
	"ret_msg": "",
	"ret_err": "",
	"resDataMap": {
		"降水": {
			"sst": 78.0, //总偏差平方和
			"ssbg": 15.600000000000136, //组间
			"sswg": 62.399999999999864, //组内
			"msbg": 7.800000000000068, //组间除以组间自由度（m-1)
			"mswg": 5.199999999999989, //组内除以组内自由度（n-m）
			"f": 1.5000000000000164
		}
	},
	"resultType": null,
	"reportTitle": null
}