{
  "ret_code": "0",
  "ret_msg": "",
  "ret_err": "",
  "resDataMap": {
    "降水": {
      "sst": 78,
      "ssbg": 15.600000000000136,
      "sswg": 62.399999999999864,
      "msbg": 7.800000000000068,
      "mswg": 5.199999999999989,
      "dfbg": 2,
      "dfwg": 2,
      "dft": 4,
      "f": 1.5000000000000164
    }
  },
  "resultType": null,
  "reportTitle": null
}