{
  "ret_code": "",
  "ret_msg": "",
  "ret_err": "",
  "resDataMap": {
    "法国": {
      "resultData": {
        "max": 17.4657878875732,
        "min": 12.9234113693237,
        "arithmeticMean": 15.222677815345023,
        "variance": null,
        "standardDeviation": 1.3927436821681043,
        "total": null,
        "median": null,
        "skewness": null,
        "kurtosis": null,
        "percentiles": null,
        "count": 31,
        "errPercentiles": null,
        "uniqueData": [
          12.9234113693237,
          12.9954671859741,
          13.0202798843384,
          13.2078323364258,
          13.2610006332397,
          13.512300491333,
          13.5735921859741,
          13.8372774124146,
          14.1308174133301,
          14.3806667327881,
          14.6011266708374,
          14.7988243103027,
          14.9879121780396,
          15.1780261993408,
          15.3686532974243,
          15.5526752471924,
          15.7256555557251,
          15.8815469741821,
          16.0163173675537,
          16.1326351165771,
          16.2338886260986,
          16.3186473846436,
          16.3852863311768,
          16.4359111785889,
          16.4652099609375,
          16.48193359375,
          16.5184173583984,
          16.6165828704834,
          16.8036479949951,
          17.0916805267334,
          17.4657878875732
        ],
        "frequencyMap": {
          "17.4657878875732": 1,
          "15.8815469741821": 1,
          "13.8372774124146": 1,
          "14.9879121780396": 1,
          "16.4652099609375": 1,
          "14.7988243103027": 1,
          "16.8036479949951": 1,
          "14.3806667327881": 1,
          "13.2610006332397": 1,
          "16.0163173675537": 1,
          "13.0202798843384": 1,
          "12.9234113693237": 1,
          "15.3686532974243": 1,
          "12.9954671859741": 1,
          "14.1308174133301": 1,
          "15.1780261993408": 1,
          "16.1326351165771": 1,
          "17.0916805267334": 1,
          "15.5526752471924": 1,
          "15.7256555557251": 1,
          "16.3186473846436": 1,
          "16.5184173583984": 1,
          "13.5735921859741": 1,
          "16.2338886260986": 1,
          "14.6011266708374": 1,
          "16.3852863311768": 1,
          "13.512300491333": 1,
          "16.6165828704834": 1,
          "13.2078323364258": 1,
          "16.48193359375": 1,
          "16.4359111785889": 1
        },
        "percentage": {
          "17.4657878875732": 0.03225806451612903,
          "15.8815469741821": 0.03225806451612903,
          "13.8372774124146": 0.03225806451612903,
          "14.9879121780396": 0.03225806451612903,
          "16.4652099609375": 0.03225806451612903,
          "14.7988243103027": 0.03225806451612903,
          "16.8036479949951": 0.03225806451612903,
          "14.3806667327881": 0.03225806451612903,
          "13.2610006332397": 0.03225806451612903,
          "16.0163173675537": 0.03225806451612903,
          "13.0202798843384": 0.03225806451612903,
          "12.9234113693237": 0.03225806451612903,
          "15.3686532974243": 0.03225806451612903,
          "12.9954671859741": 0.03225806451612903,
          "14.1308174133301": 0.03225806451612903,
          "15.1780261993408": 0.03225806451612903,
          "16.1326351165771": 0.03225806451612903,
          "17.0916805267334": 0.03225806451612903,
          "15.5526752471924": 0.03225806451612903,
          "15.7256555557251": 0.03225806451612903,
          "16.3186473846436": 0.03225806451612903,
          "16.5184173583984": 0.03225806451612903,
          "13.5735921859741": 0.03225806451612903,
          "16.2338886260986": 0.03225806451612903,
          "14.6011266708374": 0.03225806451612903,
          "16.3852863311768": 0.03225806451612903,
          "13.512300491333": 0.03225806451612903,
          "16.6165828704834": 0.03225806451612903,
          "13.2078323364258": 0.03225806451612903,
          "16.48193359375": 0.03225806451612903,
          "16.4359111785889": 0.03225806451612903
        },
        "validatePercentage": null,
        "accumulationPercentage": {
          "17.4657878875732": 1,
          "15.8815469741821": 0.5806451612903226,
          "13.8372774124146": 0.25806451612903225,
          "14.9879121780396": 0.41935483870967744,
          "16.4652099609375": 0.8064516129032258,
          "14.7988243103027": 0.3870967741935484,
          "16.8036479949951": 0.9354838709677419,
          "14.3806667327881": 0.3225806451612903,
          "13.2610006332397": 0.16129032258064516,
          "16.0163173675537": 0.6129032258064516,
          "13.0202798843384": 0.0967741935483871,
          "12.9234113693237": 0.03225806451612903,
          "15.3686532974243": 0.4838709677419355,
          "12.9954671859741": 0.06451612903225806,
          "14.1308174133301": 0.2903225806451613,
          "15.1780261993408": 0.45161290322580644,
          "16.1326351165771": 0.6451612903225806,
          "17.0916805267334": 0.967741935483871,
          "15.5526752471924": 0.5161290322580645,
          "15.7256555557251": 0.5483870967741935,
          "16.3186473846436": 0.7096774193548387,
          "16.5184173583984": 0.8709677419354839,
          "13.5735921859741": 0.22580645161290322,
          "16.2338886260986": 0.6774193548387096,
          "14.6011266708374": 0.3548387096774194,
          "16.3852863311768": 0.7419354838709677,
          "13.512300491333": 0.1935483870967742,
          "16.6165828704834": 0.9032258064516129,
          "13.2078323364258": 0.12903225806451613,
          "16.48193359375": 0.8387096774193549,
          "16.4359111785889": 0.7741935483870968
        }
      },
      "dataArr": null,
      "varietyName": null,
      "typeDes": null,
      "type": null,
      "typeFormat": null
    },
    "阿富汗": {
      "resultData": {
        "max": 2.27722239494324,
        "min": 1.83431100845337,
        "arithmeticMean": 2.0306595602343163,
        "variance": null,
        "standardDeviation": 0.10567684727270807,
        "total": null,
        "median": null,
        "skewness": null,
        "kurtosis": null,
        "percentiles": null,
        "count": 31,
        "errPercentiles": null,
        "uniqueData": [
          1.83431100845337,
          1.84217607975006,
          1.84878444671631,
          1.87260580062866,
          1.88007235527039,
          1.92252969741821,
          1.92369306087494,
          1.9753749370575,
          1.98482084274292,
          2.02450728416443,
          2.02617621421814,
          2.02760076522827,
          2.0324969291687,
          2.03561782836914,
          2.0363621711731,
          2.04082608222961,
          2.04294562339783,
          2.0481653213501,
          2.05821561813354,
          2.06566476821899,
          2.07703948020935,
          2.08053755760193,
          2.0898449420929,
          2.09449172019959,
          2.09825587272644,
          2.10106039047241,
          2.10413551330566,
          2.12271547317505,
          2.16502952575684,
          2.21716666221619,
          2.27722239494324
        ],
        "frequencyMap": {
          "2.07703948020935": 1,
          "2.10106039047241": 1,
          "1.9753749370575": 1,
          "2.0324969291687": 1,
          "1.88007235527039": 1,
          "1.87260580062866": 1,
          "2.05821561813354": 1,
          "1.83431100845337": 1,
          "2.09449172019959": 1,
          "2.16502952575684": 1,
          "2.10413551330566": 1,
          "2.0481653213501": 1,
          "2.27722239494324": 1,
          "2.02450728416443": 1,
          "1.92369306087494": 1,
          "1.84217607975006": 1,
          "1.92252969741821": 1,
          "2.21716666221619": 1,
          "2.0898449420929": 1,
          "2.04082608222961": 1,
          "2.08053755760193": 1,
          "2.06566476821899": 1,
          "2.03561782836914": 1,
          "1.84878444671631": 1,
          "2.02617621421814": 1,
          "2.12271547317505": 1,